{
	"namespace": "GroovyChat",
	"displayName": "Groovy Chatting",
	"version": "1.5.11",
	"synchronyVersion": "3.1.3",
	"description": "Your character automatically moves back and forth when chat or the menu is open.\nComes with a grace period after it is closed.\n\nYou can also see when other people chat",
	"author": "TheJazMaster",
	"dependencies": {},
	"api": {"scriptPath":""},
	"icon": "GroovyChatIcon.png",
	"banner": "GroovyChatBanner.png",
	"tags": [],
	"name": "GroovyChat_io_2304609",
	"changelog": "",
	"homepageURL": "https://mod.io/g/crypt/m/groovychat",
	"modioID": "2304609",
	"modioUserID": 13283300,
	"pendingVersion": "1.5.11",
	"visibility": 0
}